,musical_instruments,office_products,drugs,lidl,luxury_beauty,instant_video,hotel,patio_lawn_garden,automotive,reddit,ikea_reviews,twitter
siebert,72.03,73.37,42.11,68.62,79.74,70.45,60.0,65.69,73.37,70.77,70.05,86.16
CNN,59.01,60.37,42.36,65.84,73.83,60.49,51.28,50.97,61.38,67.27,69.6,78.58
few_shot_gpt,34.41,47.29,20.35,35.99,32.63,27.77,36.92,39.33,25.09,36.33,39.33,67.25
nlptown,74.28,69.97,35.96,69.74,74.67,66.78,58.87,64.74,71.16,73.49,75.69,80.87
bert,65.4,62.92,37.98,69.2,74.64,64.41,57.8,56.6,65.74,64.79,71.37,80.8
RF,46.35,47.29,77.72,45.85,71.94,51.81,36.98,41.31,45.41,55.88,54.34,72.98
distilbert,46.35,57.88,26.59,62.48,61.35,53.89,32.59,53.36,54.28,69.96,59.55,81.77
LSTM,,,39.34,,,,,,61.81,,,
ComplementNB,59.37,54.86,37.27,63.76,68.8,54.83,50.13,49.19,61.42,64.66,66.21,77.87
Decision Tree,55.4,45.18,33.69,57.45,64.2,44.83,38.67,41.8,53.78,58.01,59.15,67.11
setfit,36.11,44.67,14.69,32.76,41.23,34.5,38.25,33.37,43.99,37.86,44.68,73.72
LR,62.4,60.41,41.8,64.52,72.94,58.53,51.35,54.02,61.69,68.11,69.46,80.39
MultinomialNB,55.42,51.97,42.94,62.28,66.69,50.9,48.64,48.83,54.68,64.99,67.93,74.76
SVM,61.78,,47.25,65.77,75.03,58.84,52.93,,63.24,,68.59,
