,automotive,lidl,hotel,reddit,drugs,office_products,ikea_reviews,musical_instruments,instant_video,twitter,luxury_beauty,patio_lawn_garden
siebert,76.15,74.75,62.85,78.46,48.96,74.45,78.4,75.78,72.06,86.37,79.97,67.9
CNN,66.87,69.63,53.0,73.67,44.63,63.71,72.05,66.91,61.98,79.44,73.83,55.71
few_shot_gpt,23.0,38.0,41.0,37.5,14.5,38.0,43.5,33.5,30.0,65.66,30.5,25.5
nlptown,74.42,74.8,61.0,77.7,45.41,71.28,79.59,76.22,68.5,81.49,75.92,66.47
bert,71.17,73.52,60.7,75.82,45.84,65.67,78.4,69.83,66.82,81.01,75.43,55.38
RF,67.38,62.65,47.5,68.44,32.9,56.4,69.27,68.08,56.81,66.8,63.46,53.26
distilbert,67.53,70.82,49.25,76.2,38.97,62.53,73.74,68.08,60.97,82.45,65.92,57.79
LSTM,64.26,,,,39.92,,,,,,,
ComplementNB,60.1,66.68,53.35,71.93,41.18,58.85,69.36,58.14,58.62,78.96,66.97,52.92
Decision Tree,57.29,60.46,40.95,63.73,34.38,48.06,63.01,56.87,47.12,68.99,64.93,44.1
setfit,43.0,32.5,40.5,32.0,14.0,45.0,37.5,33.5,33.0,73.74,42.5,34.5
LR,63.38,69.92,53.8,74.05,43.04,62.66,74.29,63.6,61.38,81.05,74.08,55.07
MultinomialNB,66.02,68.75,52.6,73.13,41.69,57.37,73.79,65.59,57.61,75.99,67.34,53.87
SVM,68.51,70.88,55.35,,49.76,,73.01,61.74,62.01,,75.73,
