,lidl,patio_lawn_garden,luxury_beauty,office_products,twitter,automotive,musical_instruments,ikea_reviews,hotel,instant_video,reddit,drugs
siebert,74.75,67.9,79.97,74.45,86.37,76.15,75.78,78.4,62.85,72.06,78.46,48.96
CNN,69.63,55.71,73.83,63.71,79.44,66.87,66.91,72.05,53.0,61.98,73.67,44.63
few_shot_gpt,38.0,25.5,30.5,38.0,65.66,23.0,33.5,43.5,41.0,30.0,37.5,14.5
nlptown,74.8,66.47,75.92,71.28,81.49,74.42,76.22,79.59,61.0,68.5,77.7,45.41
bert,73.52,55.38,75.43,65.67,81.01,71.17,69.83,78.4,60.7,66.82,75.82,45.84
RF,62.65,53.26,63.46,56.4,66.8,67.38,68.08,69.27,47.5,56.81,68.44,32.9
distilbert,70.82,57.79,65.92,62.53,82.45,67.53,68.08,73.74,49.25,60.97,76.2,38.97
LSTM,,,,,,64.26,,,,,,39.92
ComplementNB,66.68,52.92,66.97,58.85,78.96,60.1,58.14,69.36,53.35,58.62,71.93,41.18
Decision Tree,60.46,44.1,64.93,48.06,68.99,57.29,56.87,63.01,40.95,47.12,63.73,34.38
setfit,32.5,34.5,42.5,45.0,73.74,43.0,33.5,37.5,40.5,33.0,32.0,14.0
LR,69.92,55.07,74.08,62.66,81.05,63.38,63.6,74.29,53.8,61.38,74.05,43.04
MultinomialNB,68.75,53.87,67.34,57.37,75.99,66.02,65.59,73.79,52.6,57.61,73.13,41.69
SVM,70.88,,75.73,,,68.51,61.74,73.01,55.35,62.01,,49.76
