,lidl,instant_video,office_products,luxury_beauty,hotel,musical_instruments,automotive,reddit,twitter,ikea_reviews,patio_lawn_garden,drugs
siebert,54246.80686712265,35856.27499008179,15878.5254611969,41717.8429684639,25463.82272219658,68994.48835206032,8430.419271469116,10017.526377916336,7108.258353471756,14248.491143465042,65898.97695040703,11023.797353506088
CNN,1396.6538307666779,1829.5896260738373,1645.4060554504395,1916.6253037452698,1445.0073690414429,876.6954169273376,2138.2384691238403,1030.6929559707642,565.7863554954529,1434.0887367725372,1029.7270514965057,2995.98370885849
few_shot_gpt,199.52615809440613,713.4332902431488,1059.8310763835907,533.7357950210571,505.1440324783325,438.2798812389374,570.1898181438446,200.15714573860168,173.76840472221375,137.97019481658936,1124.5990524291992,1214.8208940029144
nlptown,1022.4453432559967,3199.6902804374695,5524.0763556957245,2812.7524905204773,515.5247151851654,837.7285401821136,1584.0693809986115,785.5128049850464,421.5620970726013,386.576584815979,1482.729667186737,2746.486718416214
bert,3140.3588967323303,3527.9595799446106,5907.635102033615,3817.5479187965393,808.9260375499725,1362.8224301338196,17340.713901281357,778.8803391456604,409.35565519332886,801.6802787780762,1518.7035489082336,4373.754950761795
RF,264.1496708393097,730.914412021637,1198.608413696289,611.0661752223969,159.08745098114014,176.74311208724976,293.9082410335541,197.90301847457886,125.00735998153687,122.24540591239929,319.97899866104126,880.04869556427
distilbert,655.3373956680298,1710.5902314186096,2955.539016723633,1531.566653251648,309.7831325531006,465.916796207428,853.0968472957611,1657.7735953330994,1093.1427001953125,236.58722400665283,6482.982811689377,1567.3527617454529
LSTM,,,,,,,36244.22600913048,,,,,144441.27229189873
ComplementNB,1.6948516368865967,7.883801460266113,17.534998416900635,6.780089616775513,1.4624149799346924,2.1748757362365723,5.123377323150635,1.3685989379882812,0.8519363403320312,0.6928644180297852,4.545320749282837,10.10558819770813
Decision Tree,46.26797533035278,195.75234484672546,389.5512316226959,150.0110960006714,34.79415583610535,46.93049097061157,90.58149528503418,34.25000977516174,21.497462034225464,16.561054229736328,97.10490870475769,241.411954164505
setfit,30.485849142074585,648.4993081092834,612.937896490097,595.016012430191,45.50178337097168,485.1065740585327,208.15256142616272,26.63193655014038,6.231050491333008,31.406452655792236,622.8347940444946,227.3881893157959
LR,311.0737907886505,1177.1875929832458,2276.9368715286255,614.8274817466736,120.3800938129425,190.9322052001953,386.11093735694885,170.36107897758484,60.14369559288025,61.5999059677124,430.759304523468,2041.393538236618
MultinomialNB,1.595834732055664,7.96331787109375,17.227993488311768,6.495334625244141,1.443359136581421,2.2651941776275635,5.115803956985474,1.3606395721435547,0.9022314548492432,0.6823203563690186,4.72423529624939,9.757237672805786
SVM,84303.21725845337,50211.97952365875,,43334.6003139019,7319.8973960876465,3974.2492241859436,16120.230561733246,,,4361.065144777298,,228744.98798847198
